mean_fit_time,std_fit_time,mean_score_time,std_score_time,param_classifier__subsample,param_classifier__n_estimators,param_classifier__max_depth,param_classifier__learning_rate,param_classifier__colsample_bytree,params,split0_test_score,split1_test_score,split2_test_score,mean_test_score,std_test_score,rank_test_score
7.44693938891093,0.14086955684249583,0.16782283782958984,0.018819255590728244,0.7,500,5,0.03,0.8,"{'classifier__subsample': 0.7, 'classifier__n_estimators': 500, 'classifier__max_depth': 5, 'classifier__learning_rate': 0.03, 'classifier__colsample_bytree': 0.8}",0.5664476802337353,0.5416400340221889,0.5579169240189574,0.5553348794249605,0.010290935926123037,13
2.324807087580363,0.2408756394011949,0.07880322138468425,0.020210686645600884,0.7,200,3,0.03,0.8,"{'classifier__subsample': 0.7, 'classifier__n_estimators': 200, 'classifier__max_depth': 3, 'classifier__learning_rate': 0.03, 'classifier__colsample_bytree': 0.8}",0.5746770943412354,0.5519586514292438,0.5531112728188051,0.5599156728630947,0.010448502510197381,7
5.160370508829753,0.22949665458986507,0.17461085319519043,0.089555830828015,1.0,200,6,0.03,0.8,"{'classifier__subsample': 1.0, 'classifier__n_estimators': 200, 'classifier__max_depth': 6, 'classifier__learning_rate': 0.03, 'classifier__colsample_bytree': 0.8}",0.5659275355449046,0.5493771266329153,0.55818928819652,0.5578313167914466,0.0067614158494431545,10
3.1748677094777427,0.4150744783359253,0.08403412501017253,0.009350683347687083,0.7,200,4,0.03,0.7,"{'classifier__subsample': 0.7, 'classifier__n_estimators': 200, 'classifier__max_depth': 4, 'classifier__learning_rate': 0.03, 'classifier__colsample_bytree': 0.7}",0.5741996849819341,0.5509675459999912,0.5591823099562409,0.5614498469793888,0.009619056209164081,4
2.314640919367472,0.18711990455058677,0.05305933952331543,0.0011561534851571547,0.7,200,3,0.1,0.8,"{'classifier__subsample': 0.7, 'classifier__n_estimators': 200, 'classifier__max_depth': 3, 'classifier__learning_rate': 0.1, 'classifier__colsample_bytree': 0.8}",0.5593330826782925,0.5494557214127864,0.5558765445652495,0.5548884495521095,0.004092498438898023,14
3.1057449181874595,0.09334193514998151,0.0939188798268636,0.001691079808827293,0.7,200,5,0.03,0.8,"{'classifier__subsample': 0.7, 'classifier__n_estimators': 200, 'classifier__max_depth': 5, 'classifier__learning_rate': 0.03, 'classifier__colsample_bytree': 0.8}",0.5733666280456613,0.5509768037635636,0.5611305653014161,0.561824665703547,0.009153774790470557,3
4.18984333674113,0.746112662832203,0.14853604634602866,0.06436537717342054,0.7,300,3,0.03,1.0,"{'classifier__subsample': 0.7, 'classifier__n_estimators': 300, 'classifier__max_depth': 3, 'classifier__learning_rate': 0.03, 'classifier__colsample_bytree': 1.0}",0.5767213359471344,0.5499616378129383,0.559922410373028,0.5622017947110336,0.011042857594499206,2
7.7243320147196455,0.13838102443795067,0.19683194160461426,0.06384659270295917,0.8,500,4,0.1,0.8,"{'classifier__subsample': 0.8, 'classifier__n_estimators': 500, 'classifier__max_depth': 4, 'classifier__learning_rate': 0.1, 'classifier__colsample_bytree': 0.8}",0.5486243080830723,0.5279107137344874,0.5392144746710248,0.5385831654961948,0.008468063972561862,19
4.294484615325928,0.3798817558810978,0.12257194519042969,0.0258809590283155,1.0,300,4,0.05,1.0,"{'classifier__subsample': 1.0, 'classifier__n_estimators': 300, 'classifier__max_depth': 4, 'classifier__learning_rate': 0.05, 'classifier__colsample_bytree': 1.0}",0.5676818221548451,0.5431792119539703,0.5589520366478556,0.5566043569188904,0.010139959787768675,12
2.727060238520304,0.39823573946310087,0.06714908281962077,0.017751533475160414,0.7,200,3,0.05,0.8,"{'classifier__subsample': 0.7, 'classifier__n_estimators': 200, 'classifier__max_depth': 3, 'classifier__learning_rate': 0.05, 'classifier__colsample_bytree': 0.8}",0.574511443401209,0.5481963572351483,0.5573986147581678,0.560035471798175,0.010903690545525604,6
9.716042677561441,0.12706723495971065,0.2617865403493245,0.016211963390294903,1.0,500,6,0.05,0.8,"{'classifier__subsample': 1.0, 'classifier__n_estimators': 500, 'classifier__max_depth': 6, 'classifier__learning_rate': 0.05, 'classifier__colsample_bytree': 0.8}",0.541482913227725,0.5298682845778159,0.5430166859260653,0.5381226279105354,0.00587019321450053,20
3.3032464186350503,0.32927042842065074,0.08302934964497884,0.0015661343692053387,1.0,200,5,0.05,0.8,"{'classifier__subsample': 1.0, 'classifier__n_estimators': 200, 'classifier__max_depth': 5, 'classifier__learning_rate': 0.05, 'classifier__colsample_bytree': 0.8}",0.5660616946022405,0.5477584606845312,0.556079663482576,0.5566332729231159,0.007482510965404059,11
2.9129177729288735,0.04403131163736695,0.1371272404988607,0.036545276289455635,0.8,200,4,0.03,1.0,"{'classifier__subsample': 0.8, 'classifier__n_estimators': 200, 'classifier__max_depth': 4, 'classifier__learning_rate': 0.03, 'classifier__colsample_bytree': 1.0}",0.5763451203435003,0.548356604753077,0.5630797488140408,0.5625938246368727,0.011431428693687965,1
8.758895953496298,0.9896322441921698,0.21286495526631674,0.04759778597470407,0.8,500,4,0.03,0.8,"{'classifier__subsample': 0.8, 'classifier__n_estimators': 500, 'classifier__max_depth': 4, 'classifier__learning_rate': 0.03, 'classifier__colsample_bytree': 0.8}",0.5691481809138208,0.5467396130604021,0.5584647763213484,0.558117523431857,0.00915155421179968,9
8.166214227676392,0.430736548047449,0.17587924003601074,0.040797877695542654,0.7,500,3,0.1,0.8,"{'classifier__subsample': 0.7, 'classifier__n_estimators': 500, 'classifier__max_depth': 3, 'classifier__learning_rate': 0.1, 'classifier__colsample_bytree': 0.8}",0.5447374520704229,0.5385223124266165,0.5518528037103649,0.5450375227358014,0.005446285050055598,17
4.875642538070679,0.1360358152157091,0.1421971321105957,0.02295930412218429,1.0,300,4,0.1,1.0,"{'classifier__subsample': 1.0, 'classifier__n_estimators': 300, 'classifier__max_depth': 4, 'classifier__learning_rate': 0.1, 'classifier__colsample_bytree': 1.0}",0.5549364709897414,0.5358369313705724,0.5465534454387543,0.5457756159330227,0.007816728534412226,16
5.536693334579468,0.6045986697270094,0.1226191520690918,0.01343395946266425,1.0,500,3,0.1,1.0,"{'classifier__subsample': 1.0, 'classifier__n_estimators': 500, 'classifier__max_depth': 3, 'classifier__learning_rate': 0.1, 'classifier__colsample_bytree': 1.0}",0.5527479436428571,0.5336643831813364,0.5452999955210909,0.5439041074484281,0.00785310756349276,18
4.555819193522136,0.2446058135052544,0.1647637685139974,0.047317883936823374,1.0,500,3,0.03,0.8,"{'classifier__subsample': 1.0, 'classifier__n_estimators': 500, 'classifier__max_depth': 3, 'classifier__learning_rate': 0.03, 'classifier__colsample_bytree': 0.8}",0.5699409352969286,0.5480027913617058,0.5584495083740528,0.5587977450108957,0.008959594164807076,8
7.8127208550771075,0.4227883900179923,0.17668231328328451,0.041632005725035115,0.8,500,5,0.03,0.7,"{'classifier__subsample': 0.8, 'classifier__n_estimators': 500, 'classifier__max_depth': 5, 'classifier__learning_rate': 0.03, 'classifier__colsample_bytree': 0.7}",0.565721336164318,0.5405525742466274,0.5566904011248521,0.5543214371785992,0.010410752030195597,15
2.6490073204040527,0.11093486296348733,0.09363102912902832,0.017575263637450815,1.0,300,3,0.03,0.7,"{'classifier__subsample': 1.0, 'classifier__n_estimators': 300, 'classifier__max_depth': 3, 'classifier__learning_rate': 0.03, 'classifier__colsample_bytree': 0.7}",0.5748411659952597,0.54927010647161,0.5565627362433349,0.5602246695700681,0.010755683398637486,5
